<metadata xml:lang="en"><Esri><CreaDate>20180103</CreaDate><CreaTime>13374400</CreaTime><ArcGISFormat>1.0</ArcGISFormat><SyncOnce>FALSE</SyncOnce><DataProperties><lineage><Process ToolSource="c:\program files (x86)\arcgis\desktop10.4\ArcToolbox\Toolboxes\Data Management Tools.tbx\CalculateField" Date="20170921" Time="151503" Name="" export="">CalculateField Precincts DPtype "ZEROPOP" VB #</Process><Process ToolSource="c:\program files (x86)\arcgis\desktop10.4\ArcToolbox\Toolboxes\Data Management Tools.tbx\CalculateField" Date="20170921" Time="151538" Name="" export="">CalculateField Precincts DPtype "PP" VB #</Process><Process ToolSource="c:\program files (x86)\arcgis\desktop10.4\ArcToolbox\Toolboxes\Data Management Tools.tbx\CalculateField" Date="20170921" Time="151609" Name="" export="">CalculateField Precincts DPtype "VBMO" VB #</Process><Process ToolSource="c:\program files (x86)\arcgis\desktop10.4\ArcToolbox\Toolboxes\Data Management Tools.tbx\CalculateField" Date="20170921" Time="152414" Name="" export="">CalculateField Precincts DPtype "PP" VB #</Process><Process ToolSource="c:\program files (x86)\arcgis\desktop10.4\ArcToolbox\Toolboxes\Data Management Tools.tbx\CalculateField" Date="20170929" Time="053105" Name="" export="">CalculateField Precincts vrCount 0 VB #</Process><Process ToolSource="c:\program files (x86)\arcgis\desktop10.4\ArcToolbox\Toolboxes\Data Management Tools.tbx\CalculateField" Date="20171114" Time="113347" Name="" export="">CalculateField Precincts ZEROPOP "" VB #</Process><Process ToolSource="c:\program files (x86)\arcgis\desktop10.4\ArcToolbox\Toolboxes\Data Management Tools.tbx\CalculateField" Date="20171114" Time="113413" Name="" export="">CalculateField Precincts ZEROPOP "yes" VB #</Process><Process ToolSource="c:\program files (x86)\arcgis\desktop10.4\ArcToolbox\Toolboxes\Data Management Tools.tbx\CalculateField" Date="20171114" Time="115052" Name="" export="">CalculateField "Precincts for DP identity" DPnum 4105 VB #</Process><Process ToolSource="c:\program files (x86)\arcgis\desktop10.4\ArcToolbox\Toolboxes\Data Management Tools.tbx\CalculateField" Date="20171114" Time="115109" Name="" export="">CalculateField "Precincts for DP identity" DPnum 4204 VB #</Process><Process ToolSource="c:\program files (x86)\arcgis\desktop10.4\ArcToolbox\Toolboxes\Data Management Tools.tbx\CalculateField" Date="20171114" Time="115217" Name="" export="">CalculateField "Precincts for DP identity" temp [DPnum] VB #</Process><Process ToolSource="c:\program files (x86)\arcgis\desktop10.4\ArcToolbox\Toolboxes\Data Management Tools.tbx\CalculateField" Date="20171114" Time="115233" Name="" export="">CalculateField "Precincts for DP identity" temp [DPnum] VB #</Process><Process ToolSource="c:\program files (x86)\arcgis\desktop10.4\ArcToolbox\Toolboxes\Data Management Tools.tbx\CalculateField" Date="20171114" Time="115321" Name="" export="">CalculateField "Precincts for DP identity" temp ""0" + Left( [temp],1 ) + "-" + Right( [temp],2 ) " VB #</Process><Process ToolSource="c:\program files (x86)\arcgis\desktop10.4\ArcToolbox\Toolboxes\Data Management Tools.tbx\CalculateField" Date="20171114" Time="115338" Name="" export="">CalculateField "Precincts for DP identity" temp "Left( [temp],2 ) + "-" + Right( [temp],2 ) " VB #</Process><Process ToolSource="c:\program files (x86)\arcgis\desktop10.4\ArcToolbox\Toolboxes\Data Management Tools.tbx\CalculateField" Date="20171130" Time="065137" Name="" export="">CalculateField Precincts US_House [USHouse] VB #</Process><Process ToolSource="c:\program files (x86)\arcgis\desktop10.4\ArcToolbox\Toolboxes\Data Management Tools.tbx\CalculateField" Date="20171130" Time="065155" Name="" export="">CalculateField Precincts State_House [StateHouse] VB #</Process><Process ToolSource="c:\program files (x86)\arcgis\desktop10.4\ArcToolbox\Toolboxes\Data Management Tools.tbx\CalculateField" Date="20171130" Time="065207" Name="" export="">CalculateField Precincts State_Senate [StateSenate] VB #</Process><Process ToolSource="c:\program files (x86)\arcgis\desktop10.4\ArcToolbox\Toolboxes\Data Management Tools.tbx\CalculateField" Date="20171130" Time="065215" Name="" export="">CalculateField Precincts County_Council [CountyCouncil] VB #</Process><Process ToolSource="c:\program files (x86)\arcgis\desktop10.4\ArcToolbox\Toolboxes\Data Management Tools.tbx\CalculateField" Date="20171130" Time="065317" Name="" export="">CalculateField Precincts BallotType "[USHouse] + "-" + [StateHouse] + "-" + [StateSenate] + "-" + [CountyCouncil]" VB #</Process><Process ToolSource="c:\program files (x86)\arcgis\desktop10.4\ArcToolbox\Toolboxes\Data Management Tools.tbx\CalculateField" Date="20171130" Time="065444" Name="" export="">CalculateField Precincts BallotType !BallotType!.replace('H','H0') PYTHON_9.3 #</Process><Process ToolSource="c:\program files (x86)\arcgis\desktop10.4\ArcToolbox\Toolboxes\Data Management Tools.tbx\CalculateField" Date="20171130" Time="065603" Name="" export="">CalculateField Precincts BallotType !BallotType!.replace('S','S0') PYTHON_9.3 #</Process><Process ToolSource="c:\program files (x86)\arcgis\desktop10.5\ArcToolbox\Toolboxes\Data Management Tools.tbx\Project" Date="20180103" Time="133754" Name="" export="">Project Precincts "J:\GIS\00_New Data to clean and load\00_201801 - Update 13\SOH_Update13_Data.gdb\Precincts_Prj" PROJCS['NAD_1983_HARN_UTM_Zone_4N',GEOGCS['GCS_North_American_1983_HARN',DATUM['D_North_American_1983_HARN',SPHEROID['GRS_1980',6378137.0,298.257222101]],PRIMEM['Greenwich',0.0],UNIT['Degree',0.0174532925199433]],PROJECTION['Transverse_Mercator'],PARAMETER['False_Easting',500000.0],PARAMETER['False_Northing',0.0],PARAMETER['Central_Meridian',-159.0],PARAMETER['Scale_Factor',0.9996],PARAMETER['Latitude_Of_Origin',0.0],UNIT['Meter',1.0]] NAD_1983_HARN_To_WGS_1984 GEOGCS['GCS_WGS_1984',DATUM['D_WGS_1984',SPHEROID['WGS_1984',6378137.0,298.257223563]],PRIMEM['Greenwich',0.0],UNIT['Degree',0.0174532925199433]] NO_PRESERVE_SHAPE # NO_VERTICAL</Process><Process ToolSource="c:\program files (x86)\arcgis\desktop10.5\ArcToolbox\Toolboxes\Conversion Tools.tbx\FeatureClassToFeatureClass" Date="20180110" Time="093351">FeatureClassToFeatureClass "J:\GIS\00_New Data to clean and load\00_201801 - Update 13\SOH_Update13_Data.gdb\Precincts" "J:\GIS\00_2016 Migration - Hawaii GDB\00_GDB_Processing_and_Backups\SOH.gdb\AdminBnd" precincts # "DP "DP" true true false 5 Text 0 0 ,First,#,J:\GIS\00_New Data to clean and load\00_201801 - Update 13\SOH_Update13_Data.gdb\Precincts,DP,-1,-1;DPnum "DPnum" true true false 2 Short 0 0 ,First,#,J:\GIS\00_New Data to clean and load\00_201801 - Update 13\SOH_Update13_Data.gdb\Precincts,DPnum,-1,-1;DPtype "DPtype" true true false 10 Text 0 0 ,First,#,J:\GIS\00_New Data to clean and load\00_201801 - Update 13\SOH_Update13_Data.gdb\Precincts,DPtype,-1,-1;County "County" true true false 10 Text 0 0 ,First,#,J:\GIS\00_New Data to clean and load\00_201801 - Update 13\SOH_Update13_Data.gdb\Precincts,County,-1,-1;ZEROPOP "ZEROPOP" true true false 5 Text 0 0 ,First,#,J:\GIS\00_New Data to clean and load\00_201801 - Update 13\SOH_Update13_Data.gdb\Precincts,ZEROPOP,-1,-1;BallotType "BallotType" true true false 50 Text 0 0 ,First,#,J:\GIS\00_New Data to clean and load\00_201801 - Update 13\SOH_Update13_Data.gdb\Precincts,BallotType,-1,-1;US_House "US_House" true true false 5 Text 0 0 ,First,#,J:\GIS\00_New Data to clean and load\00_201801 - Update 13\SOH_Update13_Data.gdb\Precincts,US_House,-1,-1;State_House "State_House" true true false 5 Text 0 0 ,First,#,J:\GIS\00_New Data to clean and load\00_201801 - Update 13\SOH_Update13_Data.gdb\Precincts,State_House,-1,-1;State_Senate "State_Senate" true true false 5 Text 0 0 ,First,#,J:\GIS\00_New Data to clean and load\00_201801 - Update 13\SOH_Update13_Data.gdb\Precincts,State_Senate,-1,-1;County_Council "County_Council" true true false 5 Text 0 0 ,First,#,J:\GIS\00_New Data to clean and load\00_201801 - Update 13\SOH_Update13_Data.gdb\Precincts,County_Council,-1,-1;SHAPE_Length "SHAPE_Length" false true true 8 Double 0 0 ,First,#,J:\GIS\00_New Data to clean and load\00_201801 - Update 13\SOH_Update13_Data.gdb\Precincts,SHAPE_Length,-1,-1;SHAPE_Area "SHAPE_Area" false true true 8 Double 0 0 ,First,#,J:\GIS\00_New Data to clean and load\00_201801 - Update 13\SOH_Update13_Data.gdb\Precincts,SHAPE_Area,-1,-1" #</Process><Process ToolSource="c:\program files (x86)\arcgis\desktop10.5\ArcToolbox\Toolboxes\Conversion Tools.tbx\FeatureClassToFeatureClass" Date="20180126" Time="161645">FeatureClassToFeatureClass Z:\Geodatabase\SOH.gdb\AdminBnd\precincts "J:\GIS\00_New Data to clean and load\00_201801 - Update 13\For Website" precincts.shp # "DP "DP" true true false 5 Text 0 0 ,First,#,Z:\Geodatabase\SOH.gdb\AdminBnd\precincts,DP,-1,-1;DPnum "DPnum" true true false 2 Short 0 0 ,First,#,Z:\Geodatabase\SOH.gdb\AdminBnd\precincts,DPnum,-1,-1;DPtype "DPtype" true true false 10 Text 0 0 ,First,#,Z:\Geodatabase\SOH.gdb\AdminBnd\precincts,DPtype,-1,-1;County "County" true true false 10 Text 0 0 ,First,#,Z:\Geodatabase\SOH.gdb\AdminBnd\precincts,County,-1,-1;ZEROPOP "ZEROPOP" true true false 5 Text 0 0 ,First,#,Z:\Geodatabase\SOH.gdb\AdminBnd\precincts,ZEROPOP,-1,-1;BallotType "BallotType" true true false 50 Text 0 0 ,First,#,Z:\Geodatabase\SOH.gdb\AdminBnd\precincts,BallotType,-1,-1;US_House "US_House" true true false 5 Text 0 0 ,First,#,Z:\Geodatabase\SOH.gdb\AdminBnd\precincts,US_House,-1,-1;State_Hous "State_Hous" true true false 5 Text 0 0 ,First,#,Z:\Geodatabase\SOH.gdb\AdminBnd\precincts,State_House,-1,-1;State_Sena "State_Sena" true true false 5 Text 0 0 ,First,#,Z:\Geodatabase\SOH.gdb\AdminBnd\precincts,State_Senate,-1,-1;County_Cou "County_Cou" true true false 5 Text 0 0 ,First,#,Z:\Geodatabase\SOH.gdb\AdminBnd\precincts,County_Council,-1,-1;Shape_Leng "Shape_Leng" false true true 8 Double 0 0 ,First,#,Z:\Geodatabase\SOH.gdb\AdminBnd\precincts,Shape_Length,-1,-1;Shape_Area "Shape_Area" false true true 8 Double 0 0 ,First,#,Z:\Geodatabase\SOH.gdb\AdminBnd\precincts,Shape_Area,-1,-1" #</Process></lineage><itemProps><itemLocation><linkage Sync="TRUE">file://\\dbedt-fs\op$\GIS\00_New Data to clean and load\00_201801 - Update 13\For Website\precincts.shp</linkage><protocol Sync="TRUE">Local Area Network</protocol></itemLocation><itemName Sync="TRUE">precincts</itemName><imsContentType Sync="TRUE">002</imsContentType><nativeExtBox><westBL Sync="TRUE">371244.088500</westBL><eastBL Sync="TRUE">940274.552900</eastBL><southBL Sync="TRUE">2094231.211500</southBL><northBL Sync="TRUE">2458640.175800</northBL><exTypeCode Sync="TRUE">1</exTypeCode></nativeExtBox><itemSize Sync="TRUE">0.000</itemSize></itemProps><coordRef><type Sync="TRUE">Projected</type><geogcsn Sync="TRUE">GCS_North_American_1983_HARN</geogcsn><csUnits Sync="TRUE">Linear Unit: Meter (1.000000)</csUnits><projcsn Sync="TRUE">NAD_1983_HARN_UTM_Zone_4N</projcsn><peXml Sync="TRUE">&lt;ProjectedCoordinateSystem xsi:type='typens:ProjectedCoordinateSystem' xmlns:xsi='http://www.w3.org/2001/XMLSchema-instance' xmlns:xs='http://www.w3.org/2001/XMLSchema' xmlns:typens='http://www.esri.com/schemas/ArcGIS/10.5'&gt;&lt;WKT&gt;PROJCS[&amp;quot;NAD_1983_HARN_UTM_Zone_4N&amp;quot;,GEOGCS[&amp;quot;GCS_North_American_1983_HARN&amp;quot;,DATUM[&amp;quot;D_North_American_1983_HARN&amp;quot;,SPHEROID[&amp;quot;GRS_1980&amp;quot;,6378137.0,298.257222101]],PRIMEM[&amp;quot;Greenwich&amp;quot;,0.0],UNIT[&amp;quot;Degree&amp;quot;,0.0174532925199433]],PROJECTION[&amp;quot;Transverse_Mercator&amp;quot;],PARAMETER[&amp;quot;False_Easting&amp;quot;,500000.0],PARAMETER[&amp;quot;False_Northing&amp;quot;,0.0],PARAMETER[&amp;quot;Central_Meridian&amp;quot;,-159.0],PARAMETER[&amp;quot;Scale_Factor&amp;quot;,0.9996],PARAMETER[&amp;quot;Latitude_Of_Origin&amp;quot;,0.0],UNIT[&amp;quot;Meter&amp;quot;,1.0],AUTHORITY[&amp;quot;EPSG&amp;quot;,3750]]&lt;/WKT&gt;&lt;XOrigin&gt;-5120900&lt;/XOrigin&gt;&lt;YOrigin&gt;-9998100&lt;/YOrigin&gt;&lt;XYScale&gt;450445547.3910538&lt;/XYScale&gt;&lt;ZOrigin&gt;-100000&lt;/ZOrigin&gt;&lt;ZScale&gt;10000&lt;/ZScale&gt;&lt;MOrigin&gt;-100000&lt;/MOrigin&gt;&lt;MScale&gt;10000&lt;/MScale&gt;&lt;XYTolerance&gt;0.001&lt;/XYTolerance&gt;&lt;ZTolerance&gt;0.001&lt;/ZTolerance&gt;&lt;MTolerance&gt;0.001&lt;/MTolerance&gt;&lt;HighPrecision&gt;true&lt;/HighPrecision&gt;&lt;WKID&gt;102202&lt;/WKID&gt;&lt;LatestWKID&gt;3750&lt;/LatestWKID&gt;&lt;/ProjectedCoordinateSystem&gt;</peXml></coordRef></DataProperties><ArcGISstyle>FGDC CSDGM Metadata</ArcGISstyle><SyncDate>20180126</SyncDate><SyncTime>16163900</SyncTime><ModDate>20180126</ModDate><ModTime>16163900</ModTime><scaleRange><minScale>150000000</minScale><maxScale>5000</maxScale></scaleRange><ArcGISProfile>ItemDescription</ArcGISProfile></Esri><dataIdInfo><envirDesc Sync="TRUE">Microsoft Windows 7 Version 6.1 (Build 7601) Service Pack 1; Esri ArcGIS 10.5.1.7333</envirDesc><dataLang><languageCode value="eng" Sync="TRUE"/><countryCode value="USA" Sync="TRUE"/></dataLang><idCitation><resTitle Sync="TRUE">precincts</resTitle><presForm><PresFormCd value="005" Sync="TRUE"/></presForm></idCitation><spatRpType><SpatRepTypCd value="001" Sync="TRUE"/></spatRpType><dataExt><geoEle xmlns=""><GeoBndBox esriExtentType="search"><exTypeCode Sync="TRUE">1</exTypeCode><westBL Sync="TRUE">-160.249322</westBL><eastBL Sync="TRUE">-154.732152</eastBL><northBL Sync="TRUE">22.233208</northBL><southBL Sync="TRUE">18.893354</southBL></GeoBndBox></geoEle></dataExt><idPurp>Voting Precincts in Hawaii for 2018 elections - last update Sep 2017.
</idPurp><idAbs>&lt;DIV STYLE="text-align:Left;"&gt;&lt;DIV&gt;&lt;DIV&gt;&lt;P&gt;&lt;SPAN&gt;Voting Precincts in Hawaii for 2018 elections - last update Sep 2017.  &lt;/SPAN&gt;&lt;/P&gt;&lt;P&gt;&lt;SPAN&gt;Provided to Hawaii Statewide GIS Program, December, 2017.  &lt;/SPAN&gt;&lt;/P&gt;&lt;P&gt;&lt;SPAN&gt;For more information, contact Hawaii Statewide GIS Program at gis@hawaii.gov.&lt;/SPAN&gt;&lt;/P&gt;&lt;/DIV&gt;&lt;/DIV&gt;&lt;/DIV&gt;</idAbs><idCredit>Hawaii State Office of Elections</idCredit><searchKeys><keyword>elections</keyword><keyword>precincts</keyword><keyword>vote</keyword><keyword>hawaii</keyword></searchKeys></dataIdInfo><mdLang><languageCode value="eng" Sync="TRUE"/><countryCode value="USA" Sync="TRUE"/></mdLang><distInfo><distFormat><formatName Sync="TRUE">Shapefile</formatName></distFormat><distTranOps><transSize Sync="TRUE">0.000</transSize></distTranOps></distInfo><mdHrLv><ScopeCd value="005" Sync="TRUE"/></mdHrLv><mdHrLvName Sync="TRUE">dataset</mdHrLvName><refSysInfo><RefSystem><refSysID><identCode code="3750" Sync="TRUE"/><idCodeSpace Sync="TRUE">EPSG</idCodeSpace><idVersion Sync="TRUE">6.13(10.0.0)</idVersion></refSysID></RefSystem></refSysInfo><spatRepInfo><VectSpatRep><geometObjs Name="precincts"><geoObjTyp><GeoObjTypCd value="002" Sync="TRUE"></GeoObjTypCd></geoObjTyp><geoObjCnt Sync="TRUE">0</geoObjCnt></geometObjs><topLvl><TopoLevCd value="001" Sync="TRUE"></TopoLevCd></topLvl></VectSpatRep></spatRepInfo><spdoinfo><ptvctinf><esriterm Name="precincts"><efeatyp Sync="TRUE">Simple</efeatyp><efeageom code="4" Sync="TRUE"></efeageom><esritopo Sync="TRUE">FALSE</esritopo><efeacnt Sync="TRUE">0</efeacnt><spindex Sync="TRUE">FALSE</spindex><linrefer Sync="TRUE">FALSE</linrefer></esriterm></ptvctinf></spdoinfo><eainfo><detailed Name="precincts"><enttyp><enttypl Sync="TRUE">precincts</enttypl><enttypt Sync="TRUE">Feature Class</enttypt><enttypc Sync="TRUE">0</enttypc></enttyp><attr><attrlabl Sync="TRUE">FID</attrlabl><attalias Sync="TRUE">FID</attalias><attrtype Sync="TRUE">OID</attrtype><attwidth Sync="TRUE">4</attwidth><atprecis Sync="TRUE">0</atprecis><attscale Sync="TRUE">0</attscale><attrdef Sync="TRUE">Internal feature number.</attrdef><attrdefs Sync="TRUE">Esri</attrdefs><attrdomv><udom Sync="TRUE">Sequential unique whole numbers that are automatically generated.</udom></attrdomv></attr><attr><attrlabl Sync="TRUE">SHAPE</attrlabl><attalias Sync="TRUE">Shape</attalias><attrtype Sync="TRUE">Geometry</attrtype><attwidth Sync="TRUE">0</attwidth><atprecis Sync="TRUE">0</atprecis><attscale Sync="TRUE">0</attscale><attrdef Sync="TRUE">Feature geometry.</attrdef><attrdefs Sync="TRUE">Esri</attrdefs><attrdomv><udom Sync="TRUE">Coordinates defining the features.</udom></attrdomv></attr><attr><attrlabl Sync="TRUE">DP</attrlabl><attalias Sync="TRUE">DP</attalias><attrtype Sync="TRUE">String</attrtype><attwidth Sync="TRUE">5</attwidth><atprecis Sync="TRUE">0</atprecis><attscale Sync="TRUE">0</attscale></attr><attr><attrlabl Sync="TRUE">DPnum</attrlabl><attalias Sync="TRUE">DPnum</attalias><attrtype Sync="TRUE">Integer</attrtype><attwidth Sync="TRUE">5</attwidth><atprecis Sync="TRUE">5</atprecis><attscale Sync="TRUE">0</attscale></attr><attr><attrlabl Sync="TRUE">DPtype</attrlabl><attalias Sync="TRUE">DPtype</attalias><attrtype Sync="TRUE">String</attrtype><attwidth Sync="TRUE">10</attwidth><atprecis Sync="TRUE">0</atprecis><attscale Sync="TRUE">0</attscale></attr><attr><attrlabl Sync="TRUE">County</attrlabl><attalias Sync="TRUE">County</attalias><attrtype Sync="TRUE">String</attrtype><attwidth Sync="TRUE">10</attwidth><atprecis Sync="TRUE">0</atprecis><attscale Sync="TRUE">0</attscale></attr><attr><attrlabl Sync="TRUE">ZEROPOP</attrlabl><attalias Sync="TRUE">ZEROPOP</attalias><attrtype Sync="TRUE">String</attrtype><attwidth Sync="TRUE">5</attwidth><atprecis Sync="TRUE">0</atprecis><attscale Sync="TRUE">0</attscale></attr><attr><attrlabl Sync="TRUE">BallotType</attrlabl><attalias Sync="TRUE">BallotType</attalias><attrtype Sync="TRUE">String</attrtype><attwidth Sync="TRUE">50</attwidth><atprecis Sync="TRUE">0</atprecis><attscale Sync="TRUE">0</attscale></attr><attr><attrlabl Sync="TRUE">US_House</attrlabl><attalias Sync="TRUE">US_House</attalias><attrtype Sync="TRUE">String</attrtype><attwidth Sync="TRUE">5</attwidth><atprecis Sync="TRUE">0</atprecis><attscale Sync="TRUE">0</attscale></attr><attr><attrlabl Sync="TRUE">State_Hous</attrlabl><attalias Sync="TRUE">State_Hous</attalias><attrtype Sync="TRUE">String</attrtype><attwidth Sync="TRUE">5</attwidth><atprecis Sync="TRUE">0</atprecis><attscale Sync="TRUE">0</attscale></attr><attr><attrlabl Sync="TRUE">State_Sena</attrlabl><attalias Sync="TRUE">State_Sena</attalias><attrtype Sync="TRUE">String</attrtype><attwidth Sync="TRUE">5</attwidth><atprecis Sync="TRUE">0</atprecis><attscale Sync="TRUE">0</attscale></attr><attr><attrlabl Sync="TRUE">County_Cou</attrlabl><attalias Sync="TRUE">County_Cou</attalias><attrtype Sync="TRUE">String</attrtype><attwidth Sync="TRUE">5</attwidth><atprecis Sync="TRUE">0</atprecis><attscale Sync="TRUE">0</attscale></attr><attr><attrlabl Sync="TRUE">Shape_Leng</attrlabl><attalias Sync="TRUE">Shape_Leng</attalias><attrtype Sync="TRUE">Double</attrtype><attwidth Sync="TRUE">19</attwidth><atprecis Sync="TRUE">0</atprecis><attscale Sync="TRUE">0</attscale></attr><attr><attrlabl Sync="TRUE">SHAPE_Area</attrlabl><attalias Sync="TRUE">Shape_Area</attalias><attrtype Sync="TRUE">Double</attrtype><attwidth Sync="TRUE">19</attwidth><atprecis Sync="TRUE">0</atprecis><attscale Sync="TRUE">0</attscale><attrdef Sync="TRUE">Area of feature in internal units squared.</attrdef><attrdefs Sync="TRUE">Esri</attrdefs><attrdomv><udom Sync="TRUE">Positive real numbers that are automatically generated.</udom></attrdomv></attr></detailed></eainfo><mdDateSt Sync="TRUE">20180126</mdDateSt></metadata>
